round,accuracy,training_time,round_time
1,10.0,12.001221315003932,37.255351264961064
2,10.0,68.8577016829513,100.46610989794135
3,9.99,113.53442886495031,140.80821649509016
