round,accuracy,training_time,round_time
1,54.58,0.3156384751200676,2.9807094018906355
2,49.17,0.376007542014122,2.881878708023578
3,54.76,0.38932451885193586,2.8823616970330477
4,67.27,0.3885572459548712,2.8636314750183374
5,58.42,0.3546433069277555,2.823196568991989
6,59.56,0.3576184120029211,2.8454291010275483
7,54.05,0.3583798171021044,2.8310027250554413
8,72.22,0.3021979860495776,2.7796852299943566
9,70.89,0.34892061119899154,2.778903722995892
10,68.57,0.32268325006589293,3.2365884131286293
11,62.49,0.29060809197835624,2.7622996650170535
12,74.74,0.2953887549228966,2.7609585970640182
13,67.09,0.30820686905644834,3.201537163928151
14,67.16,0.33197365794330835,2.7867090958170593
15,74.15,0.3433460087981075,2.8115186628419906
16,72.22,0.36800613696686924,2.831798064056784
17,66.91,0.3482222661841661,2.80524362786673
18,65.56,0.3570146781858057,3.3214921539183706
19,75.86,0.30277359508909285,3.2140649969223887
20,71.16,0.3853451469913125,2.830084115965292
21,76.55999999999999,0.31376885902136564,2.782190721016377
22,75.03,0.3507049537729472,2.8069161290768534
23,68.74,0.30324410810135305,3.1981901060789824
24,68.62,0.35980885312892497,2.825816687196493
25,73.57000000000001,0.37913895794190466,2.84192674793303
26,63.59,0.2908240801189095,2.7592640412040055
27,67.34,0.3036746939178556,2.767133804038167
28,72.83,0.3669169929344207,2.836484724888578
29,73.42999999999999,0.3596479289699346,2.819683719892055
30,71.33,0.3175600920803845,2.791673243045807
31,78.12,0.30176978814415634,2.7757030869834125
32,66.59,0.33035804494284093,2.8074426809325814
33,72.0,0.303286449983716,2.780700053088367
34,76.2,0.2904843359719962,2.7573564648628235
35,74.96000000000001,0.2889342219568789,2.7543927610386163
36,64.75999999999999,0.2892739970702678,2.8408313170075417
37,68.71000000000001,0.3266413230448961,3.232152138836682
38,72.08,0.3203650729265064,3.2252242979593575
39,70.8,0.3417351481039077,2.8076561570633203
40,76.22,0.30473133688792586,2.7715418417938054
41,79.13,0.3090113000944257,2.7661958220414817
42,77.98,0.28900411701761186,2.774432031204924
43,68.45,0.29560097912326455,2.7646511760540307
44,68.97,0.30198161816224456,2.774105310207233
45,64.4,0.31329261511564255,3.2128911179024726
46,63.73,0.3144435400608927,3.212745323078707
47,72.6,0.2974126141052693,2.7831949938554317
48,75.44,0.33279489702545106,2.7824573321267962
49,71.06,0.30630585993640125,2.7606414740439504
50,67.58,0.3154364919755608,2.788258087821305
