round,accuracy,training_time,round_time
1,10.32,1.445879099999999,3.4006801000000006
2,18.37,0.8564472999999992,2.794121600000002
3,39.5,0.8177394000000007,2.7372195999999995
4,47.49,0.9033993000000002,2.9450538
5,51.65,1.2057304000000002,3.069402799999999
6,65.79,0.5725660000000019,2.525151000000001
7,77.59,1.0013157999999969,2.9414996
8,83.13000000000001,0.9595646000000002,2.891355800000003
9,85.33,1.0778816000000013,2.981770400000002
10,84.82,1.1348983999999973,3.1020303999999967
11,85.28,0.8573589000000013,2.817357600000001
12,86.91,1.275853099999999,3.435845299999997
13,85.22,1.0648108999999977,3.094497600000004
14,89.28,1.212074599999994,3.175707100000004
15,90.23,1.2569316000000015,3.2624362999999974
16,89.21,0.9767384999999962,2.934519999999999
17,89.95,0.7027136999999968,2.6172869999999975
18,91.05,1.029862399999999,2.9575768999999923
19,91.12,0.8281440999999958,2.7488369999999946
20,90.72,1.0194589000000036,2.993527499999999
21,90.5,0.9077501000000012,2.862409900000003
22,89.69,1.0332317999999958,2.973046999999994
23,91.95,0.6560584000000063,2.623259200000007
24,91.45,0.955117400000006,2.880106100000006
25,90.94,1.2781124999999918,3.1562634999999943
26,91.29,1.081728499999997,2.998380400000002
27,91.60000000000001,0.8072422999999986,2.729788599999992
28,92.61,1.0183073000000036,2.993781200000001
29,91.8,1.1074319000000088,3.0855796999999967
30,92.25,0.774012600000006,2.6912626000000017
31,92.92,0.8465162999999905,2.7811420999999967
32,92.89,0.959308699999994,2.885311299999998
33,92.43,1.246318500000001,3.1290221999999943
34,91.09,0.9748004000000066,2.9073925999999943
35,92.13,1.163406100000003,3.0644637000000046
36,92.91,0.8618852999999973,2.7356975000000006
37,92.53,1.1016458,3.0001199999999955
38,92.36,0.7772683000000029,2.7105293000000046
39,91.91,1.0487789999999961,2.9682591999999914
40,92.44,1.511084799999992,3.404075999999989
41,92.95,0.9174165999999957,2.8091878999999835
42,92.7,0.697148900000002,2.686818599999981
43,92.93,1.4807905000000119,3.538833199999999
44,92.67,2.3774377000000015,4.454563799999988
45,91.86999999999999,1.87546260000002,3.908037300000018
46,92.52,1.5009033999999986,3.4577692999999954
47,93.27,1.0551030999999966,2.985720200000003
48,92.93,1.0666738999999836,2.9575990999999817
49,92.35,0.9375806999999838,2.9111718999999994
50,93.07,0.7053507999999908,2.621851000000021
