round,accuracy,training_time,round_time,loss
1,9.74,1.7274159000000004,3.9888905999999995,3.2230567216873167
