round,accuracy,training_time,round_time,loss
1,10.0,1.5334018,3.7110997,2.675408749580383
2,28.15,1.1615020000000005,3.264655900000001,2.6210891079902647
3,39.589999999999996,1.2132681000000005,3.2729105999999994,3.198351093530655
4,40.9,1.1755975999999997,3.3830095999999976,3.655806800723076
5,38.019999999999996,1.5688606000000007,3.7569476,4.2567946165800095
6,54.14,1.7187794000000025,3.971700200000001,3.5226673060655593
