round,accuracy,training_time,round_time,loss
1,10.100000000000001,2.166712800000001,4.766571800000001,2.311562705039978
2,16.93,1.336560200000001,4.007818500000003,6.103437397480011
