round,accuracy,training_time,round_time,loss
1,10.32,1.5709599999999995,3.584774300000001,2.4473584592342377
2,9.74,1.6961615000000005,3.825500299999998,5.699371447563172
3,10.280000000000001,1.8726763999999996,3.9861258,3.446754667758942
4,15.28,1.5841650999999999,3.746982299999999,2.3079153907299044
