round,accuracy,training_time,round_time,loss
1,9.8,1.0458412999999993,2.9456930999999997,nan
2,9.8,0.9080841,2.8083864,nan
