round,accuracy,training_time,round_time
1,69.12,1.3689353000000004,8.8569824
2,83.25,0.1466820999999996,1.6393837999999974
3,85.91,0.12391989999999709,1.601710599999997
4,86.87,0.20263209999999887,1.6863084999999955
5,87.6,0.16100390000000075,1.590643700000001
6,88.13,0.14595179999999885,1.5213607999999965
7,88.69,0.30068199999999834,1.6897169000000005
8,88.51,0.17137029999999953,1.5203506000000004
9,89.05,0.21679379999999782,1.5998029000000002
10,89.32,0.12318600000000046,1.4826878000000008
11,89.5,0.24064660000000515,1.6128231
12,89.62,0.11651469999999975,1.4915164000000019
13,89.83,0.18553190000000086,1.6123229999999964
14,89.95,0.13373400000000402,1.535209100000003
15,90.12,0.22184539999999942,1.6459157999999974
16,90.2,0.19639300000000048,1.6627769999999984
17,90.23,0.37670080000000183,1.8885632
18,90.06,0.2372939000000045,1.8803888999999998
19,90.25999999999999,0.19535390000000064,1.5724313999999993
20,90.41,0.2654305000000008,1.7131241999999958
21,90.45,0.18715639999999922,1.5931684999999973
22,90.51,0.24221140000000219,2.1530012999999997
23,90.53,0.24699860000000484,1.8434482999999915
24,90.4,0.2971648999999985,1.9724563999999987
25,90.86,0.42688250000000494,2.1322219999999987
26,90.86999999999999,0.24778309999999948,1.6592054000000047
27,91.02,0.14712090000000444,1.8460841999999928
28,90.8,0.20814829999999773,1.9682963000000058
29,91.03,0.1777706999999964,1.5460603000000077
30,90.95,0.3187274999999943,1.7830730999999957
31,90.96,0.20031349999999293,1.5880921999999913
32,90.92,0.22239809999999238,1.5925053999999932
33,91.01,0.4067059000000057,1.8515244999999965
34,91.0,0.19544690000000742,1.7469792999999925
35,91.03999999999999,0.2837487999999979,1.6541179999999969
36,91.03,0.17499200000000315,1.7567662000000013
37,91.09,0.45194649999999115,1.9281997000000075
38,91.03999999999999,0.15626930000000527,1.7645059000000032
39,91.10000000000001,0.20374919999999008,1.5758368999999988
40,91.31,0.2976750999999922,1.7178361999999936
41,91.34,0.13568510000000344,1.5294318999999916
42,91.12,0.2001017000000047,1.5803319000000045
