round,accuracy,training_time,round_time
1,10.8,316.0238967919722,333.9328644640045
2,10.67,261.31957315001637,280.10575869702734
3,10.34,354.34652084694244,372.13494384195656
4,11.76,284.0067227529362,300.29067583102733
5,12.620000000000001,279.3794055660255,297.30039891798515
