round,accuracy,training_time,round_time
1,10.0,6.139705854933709,19.618524045916274
2,10.0,6.756600796012208,20.158706961898133
3,10.0,6.417512584943324,19.489749920088798
4,10.0,6.032970259897411,17.39820936578326
5,17.09,6.11023930599913,17.083473367150873
6,12.36,6.298644822090864,17.3994399770163
7,10.0,5.983077730983496,19.065066152019426
8,10.0,6.284012205898762,17.048703660955653
9,10.0,6.406035159947351,18.40583641594276
