round,accuracy,training_time,round_time,loss
1,17.02,1.469500700000001,3.5912232,2.2447302734851835
2,56.11000000000001,0.8621224000000005,3.014525100000002,1.403738598227501
3,19.830000000000002,0.9671627999999988,3.100365,4.6187887799739835
4,9.58,1.1789424000000004,4.086289300000001,2.9551206600666045
