round,accuracy,training_time,round_time
1,22.009999999999998,1.4469573539681733,4.902899011038244
2,26.06,0.8673220837954432,4.33987991604954
3,20.52,0.9605440548621118,4.453410014975816
4,31.04,0.5631352867931128,3.9811386079527438
5,25.7,0.6104334101546556,4.110117207048461
6,40.77,0.8539727160241455,4.332895589061081
7,35.08,1.0688659099396318,4.535696436883882
8,37.16,1.037088192999363,4.508467762032524
