round,accuracy,training_time,round_time
1,19.939999999999998,0.26767320000000083,2.442667799999999
