round,accuracy,training_time,round_time,loss
1,19.66,2.517496600000001,4.5497163,2.4916225552558897
2,19.63,1.8699963000000022,4.005587899999998,3.149935212135315
3,10.059999999999999,1.6583296000000018,3.6947347000000015,3.575339152812958
4,20.57,1.7451343999999978,3.8148525000000006,12.466946132183075
5,19.650000000000002,1.9946585,4.1132998,13.757929253578187
